{"val_f1":0.829931911316542,"val_loss":0.8326049052986754,"_timestamp":1.7273067354631171e+09,"train_loss_step":0.5320580583008436,"val_em":0.6403620949314499,"epoch":4,"_step":55,"train_loss":0.5320593913504887,"_wandb":{"runtime":78493},"_runtime":78493.374238}