{"_wandb":{"runtime":3600},"val_loss":1.1319330427795649,"train_loss_step":0.40566148787736894,"_runtime":3600.009705,"val_f1":0.8145763796997068,"_step":7,"epoch":4,"_timestamp":1.727220449540765e+09,"val_em":0.694140625,"train_loss":0.40672009775213375}