{"train_loss":0.9778339342342942,"_step":27,"train_loss_step":0.9814372870657179,"val_f1":0.8253428361845289,"val_em":0.6443104147358665,"epoch":1,"_wandb":{"runtime":10649},"_runtime":10649.816307,"_timestamp":1.7272147169915571e+09,"val_loss":0.7837236235928104}